user_id	event_id	event_location	event_category	user_location
CSGARAGECLUB	11120051	江西南昌	music	湖南长沙
CSGARAGECLUB	11284931	江苏南京	music	湖南长沙
CSGARAGECLUB	12157426	上海	music	湖南长沙
CSGARAGECLUB	11851174	湖南长沙	party	湖南长沙
CSGARAGECLUB	11819628	上海	music	湖南长沙
CSGARAGECLUB	11755691	北京	music	湖南长沙
CSGARAGECLUB	13630872	安徽合肥	music	湖南长沙
vw	17179272	上海	music	上海
vw	10942915	上海	music	上海
vw	10264359	上海	sports	上海
vw	12462047	上海	music	上海
vw	10079669	上海	party	上海
2550672	10816053	北京	party	北京
2550672	10813712	北京	music	北京
2550672	11111696	北京	music	北京
2550672	10787553	北京	music	北京
2550672	10308700	北京	music	北京
2550672	11755691	北京	music	北京
2550672	15118567	北京	music	北京
2550672	14718577	北京	music	北京
2550672	11120447	北京	music	北京
2550672	15423644	北京	music	北京
2550672	11132368	北京	music	北京
2550672	11633950	北京	music	北京
shayier	12790900	四川成都	music	四川成都
shayier	15847096	四川成都	music	四川成都
shayier	14474886	四川成都	party	四川成都
shayier	14822301	四川成都	music	四川成都
shayier	12497376	四川成都	music	四川成都
shayier	17517777	四川成都	music	四川成都
shayier	16989851	四川成都	music	四川成都
1294059	10370704	浙江杭州	drama	上海
1294059	10421103	上海	music	上海
1294059	10338688	上海	drama	上海
1294059	10713116	上海	music	上海
1294059	11590479	北京	film	上海
1294059	10736187	上海	music	上海
1294059	10077417	上海	music	上海
4735582	11171141	上海	travel	上海
4735582	15298574	上海	music	上海
4735582	12359368	浙江杭州	music	上海
4735582	14732485	上海	music	上海
4735582	14448878	上海	others	上海
4735582	16676438	上海	music	上海
4735582	16072194	上海	music	上海
chinesexx	10073648	上海	travel	上海
chinesexx	15298574	上海	music	上海
chinesexx	10823799	上海	music	上海
chinesexx	10209959	北京	others	上海
chinesexx	10198990	上海	commonweal	上海
chinesexx	10077417	上海	music	上海
zuwa007	10912131	上海	music	上海
zuwa007	13425513	北京	music	上海
zuwa007	10753608	上海	music	上海
zuwa007	14775705	上海	music	上海
zuwa007	11283214	上海	music	上海
zuwa007	10942775	上海	music	上海
zuwa007	10459670	上海	music	上海
zuwa007	10823799	上海	music	上海
zuwa007	10523066	上海	music	上海
zuwa007	13772609	上海	drama	上海
zuwa007	11182389	上海	music	上海
zuwa007	11131314	上海	music	上海
zuwa007	10942915	上海	music	上海
zuwa007	12157426	上海	music	上海
zuwa007	12434962	上海	music	上海
zuwa007	10112192	上海	music	上海
2283238	14086836	北京	music	北京
2283238	17159397	北京	others	北京
2283238	14295814	北京	music	北京
2283238	16057653	北京	music	北京
2283238	17529205	北京	salon	北京
2283238	14100468	北京	music	北京
2283238	13766804	北京	music	北京
1640237	10453553	广东广州	exhibition	广东广州
1640237	13245686	广东广州	salon	广东广州
1640237	10216843	浙江杭州	party	广东广州
1640237	10029194	广东广州	salon	广东广州
1640237	10546344	广东珠海	film	广东广州
1640237	15624682	广东广州	others	广东广州
1640237	10212910	浙江衢州	exhibition	广东广州
1640237	11591552	广东广州	exhibition	广东广州
1640237	10835240	广东广州	salon	广东广州
2918851	12454729	云南昆明	music	云南昆明
2918851	12036745	云南昆明	music	云南昆明
2918851	12746200	云南昆明	music	云南昆明
2918851	11320620	重庆	music	云南昆明
2918851	15847096	四川成都	music	云南昆明
2918851	15925127	北京	music	云南昆明
2564825	16573959	北京	drama	北京
2564825	13425513	北京	music	北京
2564825	12319560	北京	others	北京
2564825	12855160	北京	film	北京
2564825	11986504	北京	film	北京
2564825	13422930	北京	salon	北京
1402011	10551654	重庆	exhibition	重庆
1402011	10079321	重庆	drama	重庆
1402011	13187349	重庆	others	重庆
1402011	13441055	重庆	others	重庆
1402011	10014694	重庆	exhibition	重庆
izl	10163195	上海	drama	上海
izl	10388492	上海	music	上海
izl	10713116	上海	music	上海
izl	10112584	上海	exhibition	上海
izl	10543571	北京	music	上海
izl	10459670	上海	music	上海
izl	10298388	上海	party	上海
izl	10446312	上海	music	上海
1403986	10393645	湖北武汉	music	湖北武汉
1403986	10307174	北京	commonweal	湖北武汉
1403986	11311363	湖北武汉	music	湖北武汉
1403986	10610208	湖北武汉	film	湖北武汉
1403986	10356339	湖北武汉	music	湖北武汉
1403986	11854987	湖北武汉	music	湖北武汉
1403986	11543353	湖北武汉	music	湖北武汉
3351472	13740970	北京	salon	北京
3351472	17435267	北京	drama	北京
3351472	12343025	北京	drama	北京
3351472	16224742	北京	drama	北京
3351472	13831652	北京	drama	北京
3351472	17399507	北京	party	北京
loca	11329855	上海	film	上海
loca	10402958	上海	others	上海
loca	10073648	上海	travel	上海
loca	13245686	广东广州	salon	上海
loca	13472347	江苏苏州	music	上海
loca	10813862	上海	party	上海
loca	14184548	上海	music	上海
loca	12161186	上海	exhibition	上海
loca	10252153	北京	others	上海
loca	14519352	广东广州	music	上海
loca	11171141	上海	travel	上海
loca	10485144	上海	exhibition	上海
loca	11235681	上海	party	上海
loca	14472068	广东广州	music	上海
loca	10293569	上海	others	上海
yzfaf	14300193	北京	exhibition	北京
yzfaf	12427197	北京	film	北京
yzfaf	11775101	北京	film	北京
yzfaf	11776227	北京	salon	北京
yzfaf	11799457	北京	salon	北京
yzfaf	10098109	北京	drama	北京
yzfaf	11707078	北京	salon	北京
yzfaf	14141953	北京	film	北京
4441917	11665901	北京	salon	北京
4441917	11513173	北京	drama	北京
4441917	11560499	北京	music	北京
4441917	11737604	北京	salon	北京
4441917	11446982	北京	music	北京
4441917	11652252	北京	film	北京
4441917	11226702	北京	film	北京
4441917	11217867	北京	salon	北京
4441917	11775101	北京	film	北京
4441917	11652154	北京	film	北京
4441917	11633950	北京	music	北京
4441917	11539566	北京	salon	北京
4441917	11707078	北京	salon	北京
4441917	11484972	北京	salon	北京
HHHHH	10388492	上海	music	北京
HHHHH	10159941	湖北武汉	others	北京
HHHHH	10475992	浙江宁波	others	北京
HHHHH	10157443	浙江杭州	commonweal	北京
HHHHH	10212910	浙江衢州	exhibition	北京
HHHHH	10291971	北京	music	北京
HHHHH	10215671	北京	party	北京
HHHHH	11235681	上海	party	北京
HHHHH	10269123	北京	commonweal	北京
HHHHH	10231035	上海	others	北京
HHHHH	12614582	江苏南京	party	北京
HHHHH	10768678	福建福州	others	北京
wshr27	10313986	浙江杭州	music	浙江杭州
wshr27	10775850	浙江杭州	music	浙江杭州
wshr27	13433525	浙江杭州	salon	浙江杭州
wshr27	12757294	浙江杭州	music	浙江杭州
wshr27	13411049	浙江杭州	music	浙江杭州
wshr27	14177319	浙江杭州	music	浙江杭州
wshr27	12359368	浙江杭州	music	浙江杭州
wshr27	13047908	浙江杭州	exhibition	浙江杭州
wshr27	14430770	上海	music	浙江杭州
wshr27	13869126	浙江杭州	music	浙江杭州
1479750	11708564	北京	music	北京
1479750	17050041	北京	music	北京
1479750	11315362	北京	music	北京
1479750	13425513	北京	music	北京
1479750	15645805	北京	music	北京
1479750	11252717	北京	music	北京
1479750	10121014	北京	music	北京
1479750	11411896	北京	film	北京
1479750	10126841	北京	music	北京
1479750	10215671	北京	party	北京
1479750	16438919	北京	music	北京
1479750	17399507	北京	party	北京
1479750	10780107	北京	film	北京
1479750	10216331	北京	music	北京
1479750	10818389	北京	music	北京
1479750	11158068	北京	music	北京
1479750	10816053	北京	party	北京
1479750	17276846	北京	exhibition	北京
1479750	10098109	北京	drama	北京
1479750	10244082	北京	music	北京
1479750	11111696	北京	music	北京
1479750	14667710	北京	music	北京
1479750	16573959	北京	drama	北京
41545813	13801285	北京	salon	北京
41545813	13070201	北京	salon	北京
41545813	16256250	北京	salon	北京
41545813	14086836	北京	music	北京
41545813	13218085	北京	salon	北京
41545813	15624682	广东广州	others	北京
41545813	14434595	北京	salon	北京
41545813	16072194	上海	music	北京
41545813	15502015	北京	film	北京
41545813	12985845	北京	salon	北京
41545813	13587202	北京	exhibition	北京
41545813	15897829	北京	drama	北京
41545813	13994453	北京	salon	北京
41545813	13910382	北京	salon	北京
41545813	13901200	北京	salon	北京
41545813	13262387	北京	exhibition	北京
41545813	16257141	上海	salon	北京
41545813	13799802	北京	salon	北京
41545813	12849761	北京	music	北京
41545813	13859817	北京	salon	北京
41545813	14135870	北京	film	北京
41545813	16275717	北京	salon	北京
41545813	12636552	北京	salon	北京
41545813	13384424	北京	party	北京
41545813	16157946	广东广州	others	北京
41545813	14105618	北京	party	北京
41545813	13404288	北京	music	北京
41545813	12988496	北京	music	北京
41545813	14585340	北京	salon	北京
41545813	13868896	北京	salon	北京
41545813	15332099	北京	salon	北京
41545813	14295814	北京	music	北京
41545813	15080625	北京	film	北京
41545813	13053796	北京	salon	北京
41545813	15238441	北京	film	北京
41545813	13404078	北京	salon	北京
41545813	14141953	北京	film	北京
41545813	12972177	北京	party	北京
41545813	13910177	北京	salon	北京
41545813	16088877	北京	exhibition	北京
41545813	14774962	北京	salon	北京
41545813	15093576	上海	music	北京
41545813	13106451	北京	salon	北京
41545813	14116582	北京	salon	北京
41545813	13702643	北京	drama	北京
41545813	14161357	北京	music	北京
41545813	13687689	北京	exhibition	北京
41545813	12678014	北京	salon	北京
41545813	13106418	北京	party	北京
41545813	12677040	北京	film	北京
41545813	13971499	北京	music	北京
godhead	13033111	上海	exhibition	上海
godhead	16072194	上海	music	上海
godhead	10352709	上海	drama	上海
godhead	15745091	上海	film	上海
godhead	10362144	上海	music	上海
timkurtramones	10364228	北京	music	北京
timkurtramones	14355982	北京	music	北京
timkurtramones	13999230	北京	music	北京
timkurtramones	10298388	上海	party	北京
timkurtramones	10513233	北京	music	北京
timkurtramones	10035683	北京	travel	北京
timkurtramones	10816053	北京	party	北京
timkurtramones	15118567	北京	music	北京
tgh	10611916	广西桂林	exhibition	山东青岛
tgh	12161807	北京	exhibition	山东青岛
tgh	10233372	北京	exhibition	山东青岛
tgh	10112584	上海	exhibition	山东青岛
tgh	10709817	北京	exhibition	山东青岛
tgh	10652217	山东青岛	party	山东青岛
3841931	11181066	四川成都	music	四川成都
3841931	11729078	重庆	party	四川成都
3841931	11071831	四川成都	music	四川成都
3841931	12538117	四川成都	music	四川成都
3841931	12497376	四川成都	music	四川成都
3841931	11322367	四川成都	music	四川成都
2035882	10098109	北京	drama	北京
2035882	16508114	北京	drama	北京
2035882	13684182	北京	salon	北京
2035882	13702643	北京	drama	北京
2035882	13093642	北京	drama	北京
2035882	12343025	北京	drama	北京
2035882	14537251	北京	salon	北京
36325662	14311048	上海	salon	上海
36325662	14227313	上海	salon	上海
36325662	12528838	上海	party	上海
36325662	14423824	上海	salon	上海
36325662	12488135	上海	party	上海
luoboella	11131314	上海	music	上海
luoboella	11821983	上海	salon	上海
luoboella	11901859	上海	music	上海
luoboella	12157426	上海	music	上海
luoboella	11328934	上海	music	上海
luoboella	12359368	浙江杭州	music	上海
luoboella	11260854	上海	music	上海
sunpeipei	11708564	北京	music	北京
sunpeipei	11222510	北京	party	北京
sunpeipei	12157426	上海	music	北京
sunpeipei	10266414	北京	party	北京
sunpeipei	13102161	北京	music	北京
sunpeipei	11111696	北京	music	北京
sunpeipei	12971631	北京	party	北京
sunpeipei	13994797	北京	music	北京
sunpeipei	15925127	北京	music	北京
callmejenny	11315362	北京	music	北京
callmejenny	11446982	北京	music	北京
callmejenny	11300102	北京	music	北京
callmejenny	11132368	北京	music	北京
callmejenny	12073276	北京	music	北京
callmejenny	11645260	北京	music	北京
callmejenny	10768663	四川成都	party	北京
callmejenny	11721337	北京	music	北京
lemon-pi	14252879	北京	music	北京
lemon-pi	16035460	北京	music	北京
lemon-pi	13473046	北京	music	北京
lemon-pi	11112749	浙江杭州	music	北京
lemon-pi	13998928	北京	music	北京
29012722	12183794	北京	film	北京
29012722	12079840	北京	music	北京
29012722	12499567	北京	salon	北京
29012722	12278095	北京	music	北京
29012722	12718899	北京	music	北京
WODEBAMA2010	14252879	北京	music	北京
WODEBAMA2010	14201697	北京	music	北京
WODEBAMA2010	11993173	北京	music	北京
WODEBAMA2010	13926069	广东广州	music	北京
WODEBAMA2010	14223881	北京	music	北京
WODEBAMA2010	14272228	北京	music	北京
WODEBAMA2010	14034980	北京	music	北京
WODEBAMA2010	14078702	北京	film	北京
WODEBAMA2010	17177811	北京	music	北京
yxy--	14260888	新疆乌鲁木齐	music	北京
yxy--	14116582	北京	salon	北京
yxy--	14018005	北京	exhibition	北京
yxy--	15118567	北京	music	北京
yxy--	14141953	北京	film	北京
GNUPCINEROOM	17831804	北京	film	北京
GNUPCINEROOM	16948463	北京	film	北京
GNUPCINEROOM	15188592	北京	film	北京
GNUPCINEROOM	14141953	北京	film	北京
GNUPCINEROOM	17336637	北京	film	北京
GNUPCINEROOM	12232430	北京	film	北京
GNUPCINEROOM	15080625	北京	film	北京
shadanbbi	14141953	北京	film	北京
shadanbbi	11361970	北京	film	北京
shadanbbi	17336637	北京	film	北京
shadanbbi	12232430	北京	film	北京
shadanbbi	15080625	北京	film	北京
1476657	15577082	北京	drama	北京
1476657	13702643	北京	drama	北京
1476657	10245275	北京	film	北京
1476657	16840522	北京	drama	北京
1476657	16224742	北京	drama	北京
1476657	13093642	北京	drama	北京
erbiu	10769600	北京	music	北京
erbiu	10793450	北京	film	北京
erbiu	10779598	北京	music	北京
erbiu	10624047	北京	music	北京
erbiu	11300102	北京	music	北京
erbiu	10784989	山东济南	film	北京
erbiu	10890862	北京	commonweal	北京
xiaohaohao	10374368	天津	music	天津
xiaohaohao	15184844	天津	music	天津
xiaohaohao	11988017	天津	music	天津
xiaohaohao	16289829	上海	music	天津
xiaohaohao	11711394	天津	music	天津
xiaohaohao	12929436	天津	music	天津
xiaohaohao	14472068	广东广州	music	天津
xiaohaohao	13123767	北京	music	天津
okmama	11168042	广东广州	music	广东广州
okmama	11061666	广东广州	music	广东广州
okmama	10624090	广东广州	party	广东广州
okmama	11637061	广东广州	music	广东广州
okmama	11611346	广东广州	music	广东广州
okmama	11223071	广东广州	music	广东广州
1337536	10780107	北京	film	北京
1337536	10216331	北京	music	北京
1337536	10307174	北京	commonweal	北京
1337536	17276846	北京	exhibition	北京
1337536	10098109	北京	drama	北京
1337536	10804464	北京	film	北京
maple	17454182	北京	exhibition	北京
maple	13023728	北京	salon	北京
maple	13831652	北京	drama	北京
maple	11155454	北京	salon	北京
maple	14270945	北京	salon	北京
fuel	10224085	上海	commonweal	上海
fuel	12525993	广东深圳	film	上海
fuel	10269123	北京	commonweal	上海
fuel	10189992	上海	travel	上海
fuel	10231035	上海	others	上海
fuel	10231314	北京	others	上海
2151749	16602038	北京	music	北京
2151749	10121014	北京	music	北京
2151749	10035683	北京	travel	北京
2151749	10308700	北京	music	北京
2151749	16573959	北京	drama	北京
bookmarkqu	11061666	广东广州	music	广东广州
bookmarkqu	13223857	广东广州	music	广东广州
bookmarkqu	11037938	广东广州	salon	广东广州
bookmarkqu	11948436	广东广州	music	广东广州
bookmarkqu	11301974	广东广州	music	广东广州
34029806	12819791	北京	music	北京
34029806	13858396	北京	music	北京
34029806	13473046	北京	music	北京
34029806	12895118	北京	music	北京
34029806	17878945	北京	music	北京
1261000	10112584	上海	exhibition	上海
1261000	13794209	上海	music	上海
1261000	13952985	上海	music	上海
1261000	11131314	上海	music	上海
1261000	16877589	上海	music	上海
1261000	16352003	上海	music	上海
1261000	16072194	上海	music	上海
czramone	13666665	北京	party	北京
czramone	17073326	北京	music	北京
czramone	13121744	北京	party	北京
czramone	12073276	北京	music	北京
czramone	12523416	北京	exhibition	北京
czramone	10308700	北京	music	北京
czramone	12971631	北京	party	北京
czramone	10709817	北京	exhibition	北京
corbelle	17454182	北京	exhibition	北京
corbelle	17276846	北京	exhibition	北京
corbelle	10098109	北京	drama	北京
corbelle	10179868	北京	exhibition	北京
corbelle	16057653	北京	music	北京
fanqiechaodan	11566993	福建厦门	music	上海
fanqiechaodan	10608847	上海	music	上海
fanqiechaodan	10526142	江苏南京	music	上海
fanqiechaodan	10514031	上海	music	上海
fanqiechaodan	14575921	上海	music	上海
fanqiechaodan	11328934	上海	music	上海
fanqiechaodan	12986598	上海	music	上海
fanqiechaodan	16352003	上海	music	上海
fanqiechaodan	12520085	上海	party	上海
fanqiechaodan	14175414	上海	music	上海
fanqiechaodan	11260854	上海	music	上海
fanqiechaodan	17179272	上海	music	上海
fanqiechaodan	11131314	上海	music	上海
fanqiechaodan	13820704	上海	music	上海
fanqiechaodan	10360828	上海	music	上海
fanqiechaodan	13107198	上海	music	上海
fanqiechaodan	10211096	上海	music	上海
38345649	13527718	北京	film	北京
38345649	13070201	北京	salon	北京
38345649	12691174	北京	music	北京
38345649	13859817	北京	salon	北京
38345649	13459290	北京	music	北京
38345649	16325733	北京	salon	北京
38345649	17399507	北京	party	北京
38345649	12985845	北京	salon	北京
42015743	14509494	上海	music	上海
42015743	16877589	上海	music	上海
42015743	13705766	上海	music	上海
42015743	13596285	上海	music	上海
42015743	14022406	上海	music	上海
42015743	13107198	上海	music	上海
42015743	16072194	上海	music	上海
42015743	13984825	上海	music	上海
42015743	13690886	上海	music	上海
M.MixEr	17690972	上海	exhibition	上海
M.MixEr	10073648	上海	travel	上海
M.MixEr	16157946	广东广州	others	上海
M.MixEr	12696608	上海	salon	上海
M.MixEr	14175414	上海	music	上海
M.MixEr	10112584	上海	exhibition	上海
M.MixEr	16343983	上海	exhibition	上海
M.MixEr	16352003	上海	music	上海
M.MixEr	16072194	上海	music	上海
M.MixEr	14259631	上海	music	上海
vrux	10994819	北京	exhibition	北京
vrux	10709583	北京	music	北京
vrux	11226702	北京	film	北京
vrux	14161357	北京	music	北京
vrux	13868896	北京	salon	北京
vrux	12826406	北京	film	北京
along1024	10314874	浙江杭州	drama	浙江杭州
along1024	12359368	浙江杭州	music	浙江杭州
along1024	10245275	北京	film	浙江杭州
along1024	11112749	浙江杭州	music	浙江杭州
along1024	10202064	北京	others	浙江杭州
sable_in_red	10224085	上海	commonweal	上海
sable_in_red	11282829	上海	music	上海
sable_in_red	14575921	上海	music	上海
sable_in_red	15093576	上海	music	上海
sable_in_red	10491932	上海	party	上海
sable_in_red	11032872	上海	salon	上海
sable_in_red	10919742	上海	music	上海
2450854	10163195	上海	drama	上海
2450854	10112584	上海	exhibition	上海
2450854	10338688	上海	drama	上海
2450854	10514031	上海	music	上海
2450854	10259697	上海	music	上海
2450854	10446312	上海	music	上海
radiostation	10502120	湖南长沙	music	上海
radiostation	10415097	湖南长沙	music	上海
radiostation	10627590	湖南长沙	music	上海
radiostation	10233918	湖南长沙	exhibition	上海
radiostation	10375487	湖南长沙	music	上海
4675502	13623737	广东广州	music	广东广州
4675502	11948436	广东广州	music	广东广州
4675502	11666934	广东珠海	music	广东广州
4675502	11637859	广东广州	music	广东广州
4675502	11301974	广东广州	music	广东广州
2533260	12927665	北京	music	北京
2533260	11988017	天津	music	北京
2533260	16072194	上海	music	北京
2533260	17049968	安徽合肥	music	北京
2533260	11061252	北京	music	北京
Catherine1989	12721455	江苏南京	exhibition	江苏南京
Catherine1989	15624682	广东广州	others	江苏南京
Catherine1989	11178365	江苏南京	exhibition	江苏南京
Catherine1989	15987742	江苏南京	party	江苏南京
Catherine1989	16072194	上海	music	江苏南京
1678178	13448515	北京	music	北京
1678178	13473046	北京	music	北京
1678178	14458248	北京	music	北京
1678178	12927665	北京	music	北京
1678178	13766804	北京	music	北京
1678178	15118567	北京	music	北京
1678178	13854508	北京	music	北京
1678178	12248707	北京	travel	北京
juliazhuli	14035865	上海	drama	上海
juliazhuli	11570394	上海	salon	上海
juliazhuli	12960758	上海	drama	上海
juliazhuli	12832637	上海	exhibition	上海
juliazhuli	11945122	上海	drama	上海
juliazhuli	11413592	上海	exhibition	上海
36773560	17050041	北京	music	北京
36773560	16011442	北京	film	北京
36773560	17893041	北京	music	北京
36773560	17336637	北京	film	北京
36773560	16413876	北京	music	北京
36773560	17518046	北京	film	北京
4688326	14930483	北京	exhibition	北京
4688326	14300193	北京	exhibition	北京
4688326	13998928	北京	music	北京
4688326	15375893	北京	exhibition	北京
4688326	14175414	上海	music	北京
4688326	15502015	北京	film	北京
4688326	14141953	北京	film	北京
4688326	13459290	北京	music	北京
4688326	14203717	香港	music	北京
4688326	13995687	北京	music	北京
4688326	13934811	北京	exhibition	北京
4688326	14161357	北京	music	北京
4688326	13687689	北京	exhibition	北京
4688326	14078702	北京	film	北京
4688326	12952733	香港	exhibition	北京
4688326	14667710	北京	music	北京
4688326	15118567	北京	music	北京
4688326	16196558	北京	music	北京
4688326	14138794	北京	film	北京
HighwayMusical	12702502	北京	music	北京
HighwayMusical	13849078	北京	music	北京
HighwayMusical	12895118	北京	music	北京
HighwayMusical	13854508	北京	music	北京
HighwayMusical	13869126	浙江杭州	music	北京
HighwayMusical	13557210	北京	music	北京
HighwayMusical	13574309	江苏苏州	music	北京
HighwayMusical	12841853	北京	music	北京
HighwayMusical	12988496	北京	music	北京
HighwayMusical	13102161	北京	music	北京
HighwayMusical	13926069	广东广州	music	北京
HighwayMusical	13690886	上海	music	北京
HighwayMusical	14221539	宁夏银川	music	北京
HighwayMusical	13995687	北京	music	北京
HighwayMusical	12223919	北京	music	北京
HighwayMusical	12171856	北京	music	北京
HighwayMusical	14472068	广东广州	music	北京
HighwayMusical	12767311	北京	music	北京
HighwayMusical	14138794	北京	film	北京
HighwayMusical	14252879	北京	music	北京
HighwayMusical	14201697	北京	music	北京
HighwayMusical	12278095	北京	music	北京
HighwayMusical	14238908	北京	music	北京
HighwayMusical	12012016	北京	music	北京
HighwayMusical	13858396	北京	music	北京
HighwayMusical	12941564	北京	music	北京
HighwayMusical	13551769	北京	music	北京
HighwayMusical	12849761	北京	music	北京
HighwayMusical	12175216	北京	music	北京
HighwayMusical	13666665	北京	party	北京
HighwayMusical	13845954	北京	music	北京
HighwayMusical	14004569	北京	music	北京
HighwayMusical	14223881	北京	music	北京
HighwayMusical	14272228	北京	music	北京
HighwayMusical	14034980	北京	music	北京
HighwayMusical	14186240	北京	music	北京
HighwayMusical	14078702	北京	film	北京
HighwayMusical	12718899	北京	music	北京
HighwayMusical	13796982	北京	music	北京
HighwayMusical	13478504	北京	music	北京
44627431	13494135	广东深圳	music	广东深圳
44627431	14051221	广东深圳	music	广东深圳
44627431	16483735	广东深圳	music	广东深圳
44627431	11948436	广东广州	music	广东深圳
44627431	13952253	广东深圳	music	广东深圳
2213812	12636552	北京	salon	北京
2213812	12216360	北京	salon	北京
2213812	14585340	北京	salon	北京
2213812	12756309	北京	exhibition	北京
2213812	16399750	上海	music	北京
2213812	16517779	河南郑州	party	北京
2213812	16072194	上海	music	北京
2213812	15502015	北京	film	北京
2213812	16346213	北京	music	北京
2213812	16088877	北京	exhibition	北京
2213812	14774962	北京	salon	北京
2213812	12161807	北京	exhibition	北京
2213812	13262387	北京	exhibition	北京
2213812	13799802	北京	salon	北京
2213812	16477796	北京	music	北京
2213812	13741995	上海	salon	北京
2213812	15603749	河南郑州	exhibition	北京
2213812	16448742	河南郑州	music	北京
2213812	12677040	北京	film	北京
sincake	12952733	香港	exhibition	广东深圳
sincake	11485596	广东深圳	music	广东深圳
sincake	10144967	广东深圳	exhibition	广东深圳
sincake	12255108	广东深圳	music	广东深圳
sincake	11830800	北京	exhibition	广东深圳
nipink	17349977	四川成都	music	四川成都
nipink	16072194	上海	music	四川成都
nipink	15847096	四川成都	music	四川成都
nipink	14822301	四川成都	music	四川成都
nipink	12031605	四川成都	music	四川成都
freshmedia	11560499	北京	music	北京
freshmedia	10713116	上海	music	北京
freshmedia	11427707	北京	music	北京
freshmedia	11300102	北京	music	北京
freshmedia	11061252	北京	music	北京
MiaoSu	10228615	上海	party	四川成都
MiaoSu	12932704	四川成都	others	四川成都
MiaoSu	14332421	四川成都	music	四川成都
MiaoSu	10113219	四川成都	travel	四川成都
MiaoSu	12255985	四川成都	film	四川成都
MiaoSu	10694205	四川成都	music	四川成都
MiaoSu	10489184	四川成都	party	四川成都
MiaoSu	11247049	四川成都	exhibition	四川成都
2713559	10958683	江苏南京	party	江苏南京
2713559	14708034	江苏南京	music	江苏南京
2713559	12143578	浙江杭州	exhibition	江苏南京
2713559	12721455	江苏南京	exhibition	江苏南京
2713559	11320906	浙江杭州	film	江苏南京
2713559	12263876	江苏南京	exhibition	江苏南京
2713559	10446312	上海	music	江苏南京
2713559	11208278	江苏南京	film	江苏南京
catswho	10816053	北京	party	北京
catswho	10769600	北京	music	北京
catswho	11657618	北京	music	北京
catswho	12767311	北京	music	北京
catswho	14141953	北京	film	北京
catswho	12079840	北京	music	北京
flowerann	10494259	北京	travel	北京
flowerann	14668542	北京	film	北京
flowerann	17730021	北京	film	北京
flowerann	15188592	北京	film	北京
flowerann	16416665	北京	film	北京
flowerann	12232430	北京	film	北京
flowerann	15080625	北京	film	北京
flowerann	13311046	北京	film	北京
flowerann	17179306	北京	drama	北京
flowerann	17385288	北京	exhibition	北京
flowerann	12654293	北京	film	北京
flowerann	12183794	北京	film	北京
flowerann	17831804	北京	film	北京
flowerann	13560902	北京	music	北京
flowerann	13036421	北京	salon	北京
flowerann	11986504	北京	film	北京
flowerann	12743318	北京	film	北京
flowerann	17538420	北京	film	北京
flowerann	12381863	北京	film	北京
flowerann	17336637	北京	film	北京
flowerann	11775101	北京	film	北京
flowerann	16840522	北京	drama	北京
flowerann	12826406	北京	film	北京
flowerann	11033526	北京	salon	北京
flowerann	11882488	北京	film	北京
flowerann	14135870	北京	film	北京
nekohoney	11511761	四川成都	party	四川成都
nekohoney	13177802	广东深圳	exhibition	四川成都
nekohoney	13470281	四川成都	salon	四川成都
nekohoney	10212910	浙江衢州	exhibition	四川成都
nekohoney	10216673	辽宁沈阳	others	四川成都
nekohoney	10144967	广东深圳	exhibition	四川成都
2971731	10494259	北京	travel	北京
2971731	14605174	北京	film	北京
2971731	11757487	北京	film	北京
2971731	10245275	北京	film	北京
2971731	11321753	北京	music	北京
2971731	14573108	北京	salon	北京
2971731	12248707	北京	travel	北京
1564497	16956124	河南郑州	music	河南郑州
1564497	11112749	浙江杭州	music	河南郑州
1564497	15624682	广东广州	others	河南郑州
1564497	10246927	浙江杭州	commonweal	河南郑州
1564497	16448742	河南郑州	music	河南郑州
vijam	10252858	广东广州	others	广东广州
vijam	11929076	广东东莞	exhibition	广东广州
vijam	14354219	广东广州	music	广东广州
vijam	14290604	广东广州	music	广东广州
vijam	11301974	广东广州	music	广东广州
passengers	16602038	北京	music	北京
passengers	14078702	北京	film	北京
passengers	16413876	北京	music	北京
passengers	16676438	上海	music	北京
passengers	16504255	北京	party	北京
2203301	10611916	广西桂林	exhibition	北京
2203301	11111696	北京	music	北京
2203301	13886385	北京	exhibition	北京
2203301	13934811	北京	exhibition	北京
2203301	10233372	北京	exhibition	北京
2203301	11061252	北京	music	北京
MCBIGTZ	14186240	北京	music	北京
MCBIGTZ	14141953	北京	film	北京
MCBIGTZ	14047923	北京	film	北京
MCBIGTZ	11361970	北京	film	北京
MCBIGTZ	12079840	北京	music	北京
yancc	12960676	上海	salon	上海
yancc	14059587	上海	music	上海
yancc	16581427	上海	film	上海
yancc	13033111	上海	exhibition	上海
yancc	16257141	上海	salon	上海
yancc	12161186	上海	exhibition	上海
yancc	14035865	上海	drama	上海
yancc	11378202	江苏无锡	film	上海
yancc	16352003	上海	music	上海
yancc	16072194	上海	music	上海
yancc	14259147	上海	drama	上海
cindyandrainy	10768663	四川成都	party	江苏南京
cindyandrainy	13797354	江苏南京	exhibition	江苏南京
cindyandrainy	16096550	江苏南京	exhibition	江苏南京
cindyandrainy	11178365	江苏南京	exhibition	江苏南京
cindyandrainy	11208278	江苏南京	film	江苏南京
1647637	11168042	广东广州	music	广东深圳
1647637	13494135	广东深圳	music	广东深圳
1647637	12255108	广东深圳	music	广东深圳
1647637	16086361	广东深圳	music	广东深圳
1647637	13952253	广东深圳	music	广东深圳
miss90	14509494	上海	music	上海
miss90	14067938	上海	salon	上海
miss90	14152311	上海	music	上海
miss90	12879608	上海	salon	上海
miss90	12832637	上海	exhibition	上海
miss90	14816476	上海	exhibition	上海
miss90	13780960	北京	exhibition	上海
miss90	12697366	上海	exhibition	上海
miss90	14434595	北京	salon	上海
miss90	14518591	上海	salon	上海
miss90	14575921	上海	music	上海
miss90	16114652	上海	salon	上海
miss90	14089325	上海	film	上海
miss90	11149212	上海	film	上海
miss90	12350483	上海	salon	上海
miss90	12683162	上海	film	上海
miss90	16800448	上海	film	上海
miss90	13741995	上海	salon	上海
miss90	15961007	上海	salon	上海
miss90	14259631	上海	music	上海
46636340	13289708	北京	music	北京
46636340	17050041	北京	music	北京
46636340	13102161	北京	music	北京
46636340	16504255	北京	party	北京
46636340	13970948	北京	film	北京
46636340	14223881	北京	music	北京
46636340	12767311	北京	music	北京
1777589	14930483	北京	exhibition	北京
1777589	14300193	北京	exhibition	北京
1777589	14585340	北京	salon	北京
1777589	12347607	北京	party	北京
1777589	15502015	北京	film	北京
1777589	12550208	北京	exhibition	北京
1777589	11987042	北京	exhibition	北京
1777589	13587202	北京	exhibition	北京
1777589	15577082	北京	drama	北京
1777589	15897829	北京	drama	北京
1777589	13023728	北京	salon	北京
1777589	13702643	北京	drama	北京
1777589	16265227	北京	exhibition	北京
1777589	12381863	北京	film	北京
1777589	16330432	北京	salon	北京
1777589	11799457	北京	salon	北京
1777589	14135870	北京	film	北京
1777589	16275717	北京	salon	北京
1777589	16874635	北京	party	北京
1370653	17831804	北京	film	北京
1370653	12079869	北京	salon	北京
1370653	14300193	北京	exhibition	北京
1370653	17336637	北京	film	北京
1370653	16988644	北京	salon	北京
1370653	10266414	北京	party	北京
1370653	11433353	北京	music	北京
1370653	16733703	北京	salon	北京
1370653	16762003	北京	music	北京
1370653	13859817	北京	salon	北京
1370653	17385288	北京	exhibition	北京
midnightwalker	15298574	上海	music	北京
midnightwalker	12359368	浙江杭州	music	北京
midnightwalker	14718577	北京	music	北京
midnightwalker	14924638	江苏苏州	party	北京
midnightwalker	11773817	上海	music	北京
1253067	14067938	上海	salon	上海
1253067	12879568	上海	salon	上海
1253067	13099968	上海	salon	上海
1253067	11821983	上海	salon	上海
1253067	13336217	上海	salon	上海
1253067	13094054	上海	salon	上海
1253067	12161186	上海	exhibition	上海
1253067	12360187	上海	salon	上海
1253067	12819194	上海	salon	上海
1253067	13478889	上海	others	上海
1253067	12324659	上海	salon	上海
1253067	12741518	上海	salon	上海
angleinart	10582319	上海	film	上海
angleinart	10146801	上海	music	上海
angleinart	10485144	上海	exhibition	上海
angleinart	10753608	上海	music	上海
angleinart	10112584	上海	exhibition	上海
angleinart	14607683	Paris, France	exhibition	上海
angleinart	10411276	上海	salon	上海
angleinart	11032872	上海	salon	上海
angleinart	10112192	上海	music	上海
embracedandan	10453553	广东广州	exhibition	广东广州
embracedandan	12130218	广东广州	exhibition	广东广州
embracedandan	13831694	广东广州	music	广东广州
embracedandan	10034301	广东广州	music	广东广州
embracedandan	11529433	广东广州	music	广东广州
embracedandan	14290604	广东广州	music	广东广州
1806695	10371410	北京	music	北京
1806695	11315362	北京	music	北京
1806695	12223919	北京	music	北京
1806695	11638551	北京	music	北京
1806695	12743318	北京	film	北京
1806695	10779598	北京	music	北京
1806695	11411896	北京	film	北京
47034464	16956124	河南郑州	music	上海
47034464	16399750	上海	music	上海
47034464	15603003	河南郑州	music	上海
47034464	15603749	河南郑州	exhibition	上海
47034464	16448742	河南郑州	music	上海
FFLEUR0609	10228615	上海	party	上海
FFLEUR0609	10073648	上海	travel	上海
FFLEUR0609	10485144	上海	exhibition	上海
FFLEUR0609	11883045	上海	exhibition	上海
FFLEUR0609	14448878	上海	others	上海
FFLEUR0609	10446312	上海	music	上海
FFLEUR0609	10189992	上海	travel	上海
FFLEUR0609	10362144	上海	music	上海
west_ham_united	10752382	广东广州	music	广东广州
west_ham_united	13831694	广东广州	music	广东广州
west_ham_united	10029194	广东广州	salon	广东广州
west_ham_united	13289392	广东广州	party	广东广州
west_ham_united	16004731	广东广州	film	广东广州
west_ham_united	11529433	广东广州	music	广东广州
west_ham_united	14290604	广东广州	music	广东广州
2869701	14067938	上海	salon	上海
2869701	10736468	上海	music	上海
2869701	13164442	上海	music	上海
2869701	12488135	上海	party	上海
2869701	10459670	上海	music	上海
2869701	11819628	上海	music	上海
2869701	14362346	上海	salon	上海
2869701	11112749	浙江杭州	music	上海
2869701	14518571	上海	salon	上海
2869701	12324659	上海	salon	上海
2869701	14518591	上海	salon	上海
3202015	11169290	广东深圳	music	广东深圳
3202015	12255108	广东深圳	music	广东深圳
3202015	13094239	广东深圳	music	广东深圳
3202015	12902183	广东深圳	music	广东深圳
3202015	12587067	广东深圳	music	广东深圳
4272147	11139487	北京	drama	上海
4272147	11111696	北京	music	上海
4272147	14575921	上海	music	上海
4272147	11685222	北京	music	上海
4272147	13033111	上海	exhibition	上海
4272147	12157426	上海	music	上海
4272147	14022406	上海	music	上海
4272147	11061252	北京	music	上海
4283503	16877470	云南昆明	music	贵州贵阳
4283503	13458026	贵州贵阳	music	贵州贵阳
4283503	16886374	贵州贵阳	music	贵州贵阳
4283503	11315317	重庆	music	贵州贵阳
4283503	13024484	贵州贵阳	music	贵州贵阳
4912380	12239794	上海	party	上海
4912380	11088591	上海	party	上海
4912380	13454772	上海	salon	上海
4912380	13746718	上海	salon	上海
4912380	11468608	上海	party	上海
4912380	12314218	上海	salon	上海
4912380	12811956	上海	salon	上海
4563851	16668680	北京	film	北京
4563851	13890110	北京	film	北京
4563851	16701629	北京	music	北京
4563851	11334302	北京	party	北京
4563851	13710486	北京	film	北京
warmflower	12462047	上海	music	北京
warmflower	12359368	浙江杭州	music	北京
warmflower	11282204	北京	party	北京
warmflower	12895118	北京	music	北京
warmflower	16072194	上海	music	北京
leo_lee	10078002	北京	music	北京
leo_lee	10047151	上海	music	北京
leo_lee	11312150	北京	music	北京
leo_lee	10298388	上海	party	北京
leo_lee	10121014	北京	music	北京
40546240	15124665	上海	music	北京
40546240	14252879	北京	music	北京
40546240	14201697	北京	music	北京
40546240	16072194	上海	music	北京
40546240	13701137	天津	music	北京
40546240	13651221	天津	music	北京
40546240	15924979	北京	music	北京
40546240	14221539	宁夏银川	music	北京
40546240	15029927	北京	music	北京
40546240	14260888	新疆乌鲁木齐	music	北京
40546240	14223881	北京	music	北京
40546240	14455390	天津	music	北京
40546240	16602038	北京	music	北京
40546240	14161357	北京	music	北京
huangzhenkun	12359368	浙江杭州	music	北京
huangzhenkun	12756309	北京	exhibition	北京
huangzhenkun	12161807	北京	exhibition	北京
huangzhenkun	11775101	北京	film	北京
huangzhenkun	14295814	北京	music	北京
redwt1968	11131314	上海	music	上海
redwt1968	10932318	上海	exhibition	上海
redwt1968	11812068	上海	commonweal	上海
redwt1968	10942915	上海	music	上海
redwt1968	10112584	上海	exhibition	上海
redwt1968	16403639	北京	music	上海
redwt1968	12359368	浙江杭州	music	上海
redwt1968	10058953	上海	exhibition	上海
redwt1968	16266031	上海	music	上海
redwt1968	10112192	上海	music	上海
Terrence.fan	10912131	上海	music	上海
Terrence.fan	10421103	上海	music	上海
Terrence.fan	10713116	上海	music	上海
Terrence.fan	10608847	上海	music	上海
Terrence.fan	10168722	上海	music	上海
Terrence.fan	10335347	上海	music	上海
Terrence.fan	10753608	上海	music	上海
Terrence.fan	10440848	上海	music	上海
Terrence.fan	10211096	上海	music	上海
Terrence.fan	10624047	北京	music	上海
Terrence.fan	10112192	上海	music	上海
kidjoker	10787553	北京	music	北京
kidjoker	11737604	北京	salon	北京
kidjoker	11652252	北京	film	北京
kidjoker	11775101	北京	film	北京
kidjoker	11776227	北京	salon	北京
kidjoker	11652154	北京	film	北京
kidjoker	11539566	北京	salon	北京
kidjoker	11707078	北京	salon	北京
kidjoker	10879619	上海	commonweal	北京
kidjoker	11484972	北京	salon	北京
yangjingjing	16988644	北京	salon	北京
yangjingjing	13384424	北京	party	北京
yangjingjing	16733703	北京	salon	北京
yangjingjing	11606795	北京	music	北京
yangjingjing	14141953	北京	film	北京
yangjingjing	11312150	北京	music	北京
xiaoshuo_	10502120	湖南长沙	music	湖南长沙
xiaoshuo_	10233918	湖南长沙	exhibition	湖南长沙
xiaoshuo_	10375487	湖南长沙	music	湖南长沙
xiaoshuo_	10179637	湖南长沙	party	湖南长沙
xiaoshuo_	13094239	广东深圳	music	湖南长沙
vengo	11112749	浙江杭州	music	上海
vengo	14875038	四川成都	exhibition	上海
vengo	11149212	上海	film	上海
vengo	14239662	四川成都	music	上海
vengo	10760806	上海	film	上海
dharma	11226702	北京	film	北京
dharma	10931078	北京	music	北京
dharma	15143521	江苏南京	film	北京
dharma	11590479	北京	film	北京
dharma	11198993	北京	salon	北京
dharma	17454182	北京	exhibition	北京
dharma	10179868	北京	exhibition	北京
dharma	11840548	北京	salon	北京
dharma	10367860	北京	salon	北京
dharma	11652154	北京	film	北京
dharma	10098109	北京	drama	北京
dharma	13523297	New York City, United States	exhibition	北京
dharma	12139876	北京	salon	北京
dharma	10064874	北京	exhibition	北京
dharma	10371410	北京	music	北京
dharma	12252265	北京	salon	北京
dharma	15297584	广东广州	salon	北京
dharma	10155514	广东深圳	salon	北京
dharma	10804464	北京	film	北京
dharma	10201989	北京	music	北京
dharma	11652252	北京	film	北京
dharma	12097581	北京	salon	北京
dharma	10411276	上海	salon	北京
dharma	13093642	北京	drama	北京
1315809	17050041	北京	music	北京
1315809	10308700	北京	music	北京
1315809	16413876	北京	music	北京
1315809	10141056	北京	party	北京
1315809	17538420	北京	film	北京
1315809	16701629	北京	music	北京
1315809	10121014	北京	music	北京
1315809	17538586	北京	film	北京
greapow	16168896	广东广州	film	广东广州
greapow	12130218	广东广州	exhibition	广东广州
greapow	15288774	广东广州	exhibition	广东广州
greapow	11637859	广东广州	music	广东广州
greapow	11918063	广东广州	others	广东广州
1228069	10494259	北京	travel	北京
1228069	10365765	北京	drama	北京
1228069	13740970	北京	salon	北京
1228069	16256250	北京	salon	北京
1228069	16602038	北京	music	北京
1228069	10245275	北京	film	北京
1228069	15188592	北京	film	北京
1228069	17336637	北京	film	北京
1228069	11411896	北京	film	北京
1228069	10074138	北京	others	北京
1228069	14141953	北京	film	北京
1228069	10792362	北京	music	北京
1228069	13571353	北京	film	北京
2116657	14260888	新疆乌鲁木齐	music	浙江杭州
2116657	11987873	浙江杭州	music	浙江杭州
2116657	14177319	浙江杭州	music	浙江杭州
2116657	12359368	浙江杭州	music	浙江杭州
2116657	11112749	浙江杭州	music	浙江杭州
2116657	16754001	浙江杭州	music	浙江杭州
2116657	13869126	浙江杭州	music	浙江杭州
2116657	14352065	浙江杭州	music	浙江杭州
23826587	13366959	上海	salon	上海
23826587	11540148	上海	salon	上海
23826587	12239794	上海	party	上海
23826587	13191910	上海	salon	上海
23826587	11639652	上海	salon	上海
23826587	12314218	上海	salon	上海
23826587	12811956	上海	salon	上海
suyunxin	12161186	上海	exhibition	上海
suyunxin	11540839	上海	salon	上海
suyunxin	12360187	上海	salon	上海
suyunxin	15961007	上海	salon	上海
suyunxin	11570394	上海	salon	上海
suyunxin	12350483	上海	salon	上海
suyunxin	12741518	上海	salon	上海
3525505	10475992	浙江宁波	others	陕西西安
3525505	14997816	陕西西安	film	陕西西安
3525505	11758661	陕西西安	party	陕西西安
3525505	11508920	陕西西安	party	陕西西安
3525505	10542973	陕西西安	music	陕西西安
huaruolizhi	13831652	北京	drama	北京
huaruolizhi	10780107	北京	film	北京
huaruolizhi	12743318	北京	film	北京
huaruolizhi	16948463	北京	film	北京
huaruolizhi	10818389	北京	music	北京
huaruolizhi	13093642	北京	drama	北京
huaruolizhi	17176968	北京	drama	北京
goneagain	17179272	上海	music	上海
goneagain	14575921	上海	music	上海
goneagain	16257141	上海	salon	上海
goneagain	14184548	上海	music	上海
goneagain	14775705	上海	music	上海
goneagain	14175414	上海	music	上海
goneagain	14640895	上海	music	上海
goneagain	16072194	上海	music	上海
3708605	11433155	浙江杭州	music	浙江杭州
3708605	13025485	浙江杭州	music	浙江杭州
3708605	12359368	浙江杭州	music	浙江杭州
3708605	16851157	浙江杭州	exhibition	浙江杭州
3708605	12610202	浙江杭州	exhibition	浙江杭州
3708605	14352065	浙江杭州	music	浙江杭州
3708605	13411049	浙江杭州	music	浙江杭州
Summer860111	10228615	上海	party	上海
Summer860111	10514031	上海	music	上海
Summer860111	11282829	上海	music	上海
Summer860111	10112584	上海	exhibition	上海
Summer860111	10459670	上海	music	上海
Summer860111	10202064	北京	others	上海
Mr.Crazychris	11757842	上海	music	上海
Mr.Crazychris	10862787	北京	film	上海
Mr.Crazychris	10775850	浙江杭州	music	上海
Mr.Crazychris	13141581	江苏南京	party	上海
Mr.Crazychris	11948436	广东广州	music	上海
Mr.Crazychris	10883818	北京	music	上海
Mr.Crazychris	11773817	上海	music	上海
Mr.Crazychris	11836025	广东广州	music	上海
Mr.Crazychris	11328934	上海	music	上海
Mr.Crazychris	13107198	上海	music	上海
Mr.Crazychris	13630872	安徽合肥	music	上海
Mr.Crazychris	13073752	北京	film	上海
avasmile	13106451	北京	salon	北京
avasmile	13278078	北京	salon	北京
avasmile	13404288	北京	music	北京
avasmile	13652426	上海	salon	北京
avasmile	13404078	北京	salon	北京
avasmile	13262387	北京	exhibition	北京
avasmile	13218085	北京	salon	北京
avasmile	13185287	北京	music	北京
avasmile	13106418	北京	party	北京
zine	12712711	北京	salon	北京
zine	10073648	上海	travel	北京
zine	12227731	北京	exhibition	北京
zine	12216360	北京	salon	北京
zine	12421811	北京	music	北京
zine	12161807	北京	exhibition	北京
zine	12454636	北京	commonweal	北京
zine	13868896	北京	salon	北京
zine	12654293	北京	film	北京
zine	12499567	北京	salon	北京
leejoylee	14047923	北京	film	北京
leejoylee	11433353	北京	music	北京
leejoylee	13890110	北京	film	北京
leejoylee	10709583	北京	music	北京
leejoylee	13311046	北京	film	北京
leejoylee	14141953	北京	film	北京
leejoylee	10922937	北京	music	北京
leejoylee	13478504	北京	music	北京
Zen-Disney	17080299	上海	exhibition	上海
Zen-Disney	13384424	北京	party	上海
Zen-Disney	15513265	江苏苏州	exhibition	上海
Zen-Disney	13797354	江苏南京	exhibition	上海
Zen-Disney	14186292	江苏苏州	salon	上海
Zen-Disney	13478889	上海	others	上海
10241572	16685743	北京	film	北京
10241572	16745785	北京	film	北京
10241572	14047923	北京	film	北京
10241572	13890110	北京	film	北京
10241572	15598413	北京	film	北京
lit.ka	12127749	广东深圳	exhibition	广东广州
lit.ka	12130218	广东广州	exhibition	广东广州
lit.ka	12315146	广东广州	exhibition	广东广州
lit.ka	12163636	广东广州	exhibition	广东广州
lit.ka	12508667	广东广州	film	广东广州
2106388	10421103	上海	music	上海
2106388	11230758	上海	music	上海
2106388	10514031	上海	music	上海
2106388	11131314	上海	music	上海
2106388	11120049	上海	music	上海
2106388	10015874	上海	music	上海
2106388	14775705	上海	music	上海
2106388	12359368	浙江杭州	music	上海
2106388	11260854	上海	music	上海
2106388	10211096	上海	music	上海
2106388	10264359	上海	sports	上海
2106388	10523066	上海	music	上海
2106388	10112192	上海	music	上海
3908149	14362346	上海	salon	上海
3908149	11821983	上海	salon	上海
3908149	16727757	上海	salon	上海
3908149	11936447	上海	salon	上海
3908149	14485852	上海	commonweal	上海
3936079	14177520	湖南长沙	music	湖南长沙
3936079	16268461	湖南长沙	music	湖南长沙
3936079	11257378	湖南长沙	music	湖南长沙
3936079	15954405	湖南长沙	music	湖南长沙
3936079	12893046	湖南长沙	music	湖南长沙
3936079	13854508	北京	music	湖南长沙
3936079	12157426	上海	music	湖南长沙
1616459	14175414	上海	music	上海
1616459	11785370	浙江杭州	salon	上海
1616459	10942915	上海	music	上海
1616459	12359368	浙江杭州	music	上海
1616459	12960676	上海	salon	上海
1616459	12462047	上海	music	上海
2129971	10266414	北京	party	北京
2129971	10244082	北京	music	北京
2129971	10491932	上海	party	北京
2129971	10233372	北京	exhibition	北京
2129971	10290498	Buenos Aires, Argentina	music	北京
soholv	12038274	天津	sports	天津
soholv	11988017	天津	music	天津
soholv	10717076	天津	drama	天津
soholv	10906195	天津	music	天津
soholv	10712777	天津	salon	天津
xingchen	13560902	北京	music	北京
xingchen	13994453	北京	salon	北京
xingchen	13998928	北京	music	北京
xingchen	13702643	北京	drama	北京
xingchen	10245275	北京	film	北京
xingchen	13262387	北京	exhibition	北京
xingchen	13264868	北京	film	北京
xingchen	10030728	北京	party	北京
xingchen	13910177	北京	salon	北京
flying_128	12222329	上海	salon	上海
flying_128	10112584	上海	exhibition	上海
flying_128	10122625	上海	exhibition	上海
flying_128	10079669	上海	party	上海
flying_128	12879608	上海	salon	上海
flying_128	11712666	上海	salon	上海
ablazepale	13289708	北京	music	北京
ablazepale	12819791	北京	music	北京
ablazepale	11448236	北京	music	北京
ablazepale	11446982	北京	music	北京
ablazepale	11617365	北京	music	北京
ablazepale	11796645	北京	music	北京
ablazepale	11321623	北京	music	北京
ablazepale	11596055	北京	music	北京
ablazepale	12012016	北京	music	北京
ablazepale	11312253	北京	music	北京
ablazepale	11321868	北京	music	北京
ablazepale	11065924	北京	music	北京
ablazepale	11638551	北京	music	北京
ablazepale	13858396	北京	music	北京
ablazepale	11666934	广东珠海	music	北京
ablazepale	12462047	上海	music	北京
ablazepale	13849078	北京	music	北京
ablazepale	11633950	北京	music	北京
ablazepale	12895118	北京	music	北京
ablazepale	12849761	北京	music	北京
ablazepale	10907427	北京	music	北京
ablazepale	11315362	北京	music	北京
ablazepale	12988496	北京	music	北京
ablazepale	11312150	北京	music	北京
ablazepale	11132368	北京	music	北京
ablazepale	10862787	北京	film	北京
ablazepale	10769600	北京	music	北京
ablazepale	11721337	北京	music	北京
ablazepale	10813712	北京	music	北京
ablazepale	13004359	北京	music	北京
ablazepale	11993173	北京	music	北京
ablazepale	11321753	北京	music	北京
ablazepale	12223919	北京	music	北京
ablazepale	12171856	北京	music	北京
ablazepale	11963302	北京	music	北京
ablazepale	13750988	江苏常熟	music	北京
ablazepale	11657618	北京	music	北京
ablazepale	12283554	广东广州	exhibition	北京
ablazepale	12188259	北京	music	北京
ablazepale	11645260	北京	music	北京
ablazepale	12079840	北京	music	北京
pinkypink	10112584	上海	exhibition	上海
pinkypink	12879568	上海	salon	上海
pinkypink	10228615	上海	party	上海
pinkypink	10073648	上海	travel	上海
pinkypink	10236906	上海	others	上海
pinkypink	10430391	上海	drama	上海
pinkypink	10153968	四川成都	commonweal	上海
pinkypink	12879608	上海	salon	上海
cmwlllll	10029392	上海	exhibition	上海
cmwlllll	10112584	上海	exhibition	上海
cmwlllll	10073648	上海	travel	上海
cmwlllll	10252153	北京	others	上海
cmwlllll	11876300	江苏常州	travel	上海
cmwlllll	10202064	北京	others	上海
cmwlllll	11064436	江西南昌	music	上海
cmwlllll	12350483	上海	salon	上海
fischen	10218580	山东青岛	party	北京
fischen	16072194	上海	music	北京
fischen	13557210	北京	music	北京
fischen	10307174	北京	commonweal	北京
fischen	10035683	北京	travel	北京
babesiarx	10494259	北京	travel	北京
babesiarx	10064874	北京	exhibition	北京
babesiarx	12232430	北京	film	北京
babesiarx	10035683	北京	travel	北京
babesiarx	10098109	北京	drama	北京
babesiarx	10126841	北京	music	北京
babesiarx	10428976	北京	music	北京
babesiarx	14141953	北京	film	北京
2293767	12161807	北京	exhibition	北京
2293767	14552328	北京	music	北京
2293767	12743318	北京	film	北京
2293767	14018005	北京	exhibition	北京
2293767	16088877	北京	exhibition	北京
2293767	13687689	北京	exhibition	北京
2246358	16004731	广东广州	film	广东广州
2246358	10233918	湖南长沙	exhibition	广东广州
2246358	16168896	广东广州	film	广东广州
2246358	15288774	广东广州	exhibition	广东广州
2246358	13444841	广东广州	film	广东广州
2246358	13218085	北京	salon	广东广州
2731041	17050041	北京	music	湖南长沙
2731041	10415097	湖南长沙	music	湖南长沙
2731041	11052438	湖南长沙	party	湖南长沙
2731041	11020295	湖南长沙	music	湖南长沙
2731041	10882604	湖南长沙	others	湖南长沙
2079968	13970948	北京	film	北京
2079968	14018005	北京	exhibition	北京
2079968	16036440	北京	exhibition	北京
2079968	10035683	北京	travel	北京
2079968	17005157	北京	exhibition	北京
4057939	13311046	北京	film	北京
4057939	11091904	北京	commonweal	北京
4057939	13264868	北京	film	北京
4057939	11685222	北京	music	北京
4057939	11513173	北京	drama	北京
chrislee010	10141056	北京	party	北京
chrislee010	10266414	北京	party	北京
chrislee010	10245275	北京	film	北京
chrislee010	10064874	北京	exhibition	北京
chrislee010	10035683	北京	travel	北京
1455722	11283214	上海	music	上海
1455722	12359368	浙江杭州	music	上海
1455722	13288843	上海	exhibition	上海
1455722	13628401	上海	music	上海
1455722	16679486	上海	sports	上海
Parker.feng	17050041	北京	music	北京
Parker.feng	12227023	湖南长沙	music	北京
Parker.feng	12454729	云南昆明	music	北京
Parker.feng	12036745	云南昆明	music	北京
Parker.feng	12953483	北京	music	北京
Parker.feng	13306332	北京	music	北京
Parker.feng	12746200	云南昆明	music	北京
Parker.feng	17851902	北京	music	北京
Parker.feng	14171085	北京	music	北京
Parker.feng	14177520	湖南长沙	music	北京
baoruoxi	10105761	北京	music	北京
baoruoxi	10988792	上海	exhibition	北京
baoruoxi	10233372	北京	exhibition	北京
baoruoxi	10891711	上海	music	北京
baoruoxi	10753608	上海	music	北京
4812206	12932704	四川成都	others	四川成都
4812206	11179393	四川成都	others	四川成都
4812206	12255985	四川成都	film	四川成都
4812206	10819094	四川成都	exhibition	四川成都
4812206	16105619	上海	music	四川成都
2154271	15278470	上海	salon	上海
2154271	13320699	江苏南京	exhibition	上海
2154271	11631023	江苏南京	drama	上海
2154271	17435267	北京	drama	上海
2154271	14186292	江苏苏州	salon	上海
2154271	10485144	上海	exhibition	上海
2154271	11945122	上海	drama	上海
2154271	17276846	北京	exhibition	上海
2154271	14035865	上海	drama	上海
2154271	16900696	上海	salon	上海
2154271	13652426	上海	salon	上海
26173314	11665901	北京	salon	北京
26173314	12139876	北京	salon	北京
26173314	11703729	北京	salon	北京
26173314	11606795	北京	music	北京
26173314	11657277	北京	film	北京
26173314	11707078	北京	salon	北京
26173314	11689248	北京	salon	北京
26173314	12139766	北京	film	北京
26173314	11400288	北京	party	北京
1942999	10923741	上海	party	上海
1942999	10112584	上海	exhibition	上海
1942999	10459670	上海	music	上海
1942999	10189992	上海	travel	上海
1942999	10611916	广西桂林	exhibition	上海
1942999	10736468	上海	music	上海
1942999	12462047	上海	music	上海
1942999	10560240	北京	party	上海
1942999	12157426	上海	music	上海
1942999	10035683	北京	travel	上海
1942999	12359368	浙江杭州	music	上海
1942999	10977822	上海	film	上海
1942999	10211096	上海	music	上海
1942999	10789119	上海	others	上海
1942999	10717845	上海	music	上海
1942999	11032872	上海	salon	上海
1942999	10462459	广东广州	exhibition	上海
minnieuknow	12253086	北京	salon	北京
minnieuknow	16553166	北京	music	北京
minnieuknow	16723794	北京	film	北京
minnieuknow	17893041	北京	music	北京
minnieuknow	14078702	北京	film	北京
minnieuknow	14135870	北京	film	北京
1439001	12161186	上海	exhibition	上海
1439001	16072194	上海	music	上海
1439001	12359368	浙江杭州	music	上海
1439001	12328092	上海	film	上海
1439001	12350483	上海	salon	上海
1439001	14022406	上海	music	上海
eboro	10787553	北京	music	北京
eboro	11606795	北京	music	北京
eboro	10769600	北京	music	北京
eboro	10687008	北京	music	北京
eboro	10779598	北京	music	北京
the_doors	10159941	湖北武汉	others	湖北武汉
the_doors	10012897	湖北武汉	music	湖北武汉
the_doors	11311363	湖北武汉	music	湖北武汉
the_doors	10610208	湖北武汉	film	湖北武汉
the_doors	10393645	湖北武汉	music	湖北武汉
the_doors	10154961	湖北武汉	drama	湖北武汉
2683039	11131314	上海	music	北京
2683039	13404288	北京	music	北京
2683039	10813862	上海	party	北京
2683039	12741051	上海	party	北京
2683039	10112584	上海	exhibition	北京
2683039	10248107	上海	travel	北京
2683039	10209959	北京	others	北京
2683039	13404078	北京	salon	北京
2683039	12677040	北京	film	北京
2407342	11851174	湖南长沙	party	湖南长沙
2407342	10415097	湖南长沙	music	湖南长沙
2407342	10627590	湖南长沙	music	湖南长沙
2407342	12164675	湖南长沙	party	湖南长沙
2407342	10440848	上海	music	湖南长沙
2407342	10834822	上海	music	湖南长沙
benbenwinter	15075366	广东深圳	film	广东深圳
benbenwinter	10632589	广东深圳	film	广东深圳
benbenwinter	16810614	广东深圳	music	广东深圳
benbenwinter	11830187	广东深圳	music	广东深圳
benbenwinter	10025505	广东深圳	others	广东深圳
benbenwinter	16483735	广东深圳	music	广东深圳
benbenwinter	12422706	广东深圳	film	广东深圳
benbenwinter	13657077	广东深圳	film	广东深圳
benbenwinter	11725163	广东深圳	music	广东深圳
benbenwinter	10144967	广东深圳	exhibition	广东深圳
benbenwinter	12255108	广东深圳	music	广东深圳
benbenwinter	16086361	广东深圳	music	广东深圳
benbenwinter	10703369	广东深圳	exhibition	广东深圳
benbenwinter	11717376	广东深圳	film	广东深圳
boapop	10769600	北京	music	北京
boapop	10464890	北京	music	北京
boapop	10704956	北京	salon	北京
boapop	10883818	北京	music	北京
boapop	10779598	北京	music	北京
boapop	10804464	北京	film	北京
boapop	10906195	天津	music	北京
boapop	10862787	北京	film	北京
rain-5	10218580	山东青岛	party	上海
rain-5	10202064	北京	others	上海
rain-5	11088591	上海	party	上海
rain-5	10218931	上海	others	上海
rain-5	11528575	上海	others	上海
monkito	12421811	北京	music	北京
monkito	10308700	北京	music	北京
monkito	10179868	北京	exhibition	北京
monkito	15188592	北京	film	北京
monkito	10239244	北京	music	北京
monkito	10873229	北京	music	北京
monkito	12079840	北京	music	北京
zoeviv	16685743	北京	film	北京
zoeviv	11584895	天津	party	北京
zoeviv	12797029	北京	party	北京
zoeviv	16668680	北京	film	北京
zoeviv	16840522	北京	drama	北京
yuercao	14732485	上海	music	上海
yuercao	10224085	上海	commonweal	上海
yuercao	11282829	上海	music	上海
yuercao	10146801	上海	music	上海
yuercao	10107895	上海	drama	上海
yuercao	10211096	上海	music	上海
yuercao	16072194	上海	music	上海
yuercao	10112192	上海	music	上海
37343337	12902183	广东深圳	music	广东深圳
37343337	12127749	广东深圳	exhibition	广东深圳
37343337	12587067	广东深圳	music	广东深圳
37343337	12255108	广东深圳	music	广东深圳
37343337	16810614	广东深圳	music	广东深圳
37343337	12673359	广东深圳	music	广东深圳
1308335	11283214	上海	music	上海
1308335	11338434	上海	film	上海
1308335	11948436	广东广州	music	上海
1308335	11218217	上海	music	上海
1308335	11712666	上海	salon	上海
3369836	17050041	北京	music	北京
3369836	13289804	北京	music	北京
3369836	12809577	河北秦皇岛	music	北京
3369836	12421811	北京	music	北京
3369836	16036440	北京	exhibition	北京
3369836	15933305	北京	drama	北京
3369836	13473046	北京	music	北京
3369836	16413876	北京	music	北京
3369836	17518046	北京	film	北京
3369836	16701629	北京	music	北京
3369836	11633950	北京	music	北京
3369836	11753343	北京	music	北京
3369836	13766804	北京	music	北京
aspsatan	11149212	上海	film	上海
aspsatan	12222329	上海	salon	上海
aspsatan	11338434	上海	film	上海
aspsatan	12161186	上海	exhibition	上海
aspsatan	16072194	上海	music	上海
aspsatan	11241344	上海	salon	上海
39362509	13411049	浙江杭州	music	浙江杭州
39362509	13025485	浙江杭州	music	浙江杭州
39362509	10775850	浙江杭州	music	浙江杭州
39362509	12359368	浙江杭州	music	浙江杭州
39362509	16851157	浙江杭州	exhibition	浙江杭州
39362509	16216809	浙江杭州	music	浙江杭州
39362509	16754001	浙江杭州	music	浙江杭州
39362509	13869126	浙江杭州	music	浙江杭州
39362509	14352065	浙江杭州	music	浙江杭州
1437184	17154084	上海	music	上海
1437184	12359368	浙江杭州	music	上海
1437184	10224085	上海	commonweal	上海
1437184	16413876	北京	music	上海
1437184	16266031	上海	music	上海
1437184	17496446	上海	music	上海
1437184	12157426	上海	music	上海
3247200	12130218	广东广州	exhibition	广东广州
3247200	17425298	北京	salon	广东广州
3247200	16733703	北京	salon	广东广州
3247200	13740970	北京	salon	广东广州
3247200	15813043	北京	salon	广东广州
41704053	13587202	北京	exhibition	北京
41704053	12712711	北京	salon	北京
41704053	12253086	北京	salon	北京
41704053	12427197	北京	film	北京
41704053	11986504	北京	film	北京
41704053	13404288	北京	music	北京
41704053	12454636	北京	commonweal	北京
41704053	12343025	北京	drama	北京
41704053	12696608	上海	salon	北京
41704053	12678014	北京	salon	北京
41704053	12030138	北京	salon	北京
41704053	12499567	北京	salon	北京
41704053	12677040	北京	film	北京
2500559	10769600	北京	music	北京
2500559	10787553	北京	music	北京
2500559	10641367	北京	party	北京
2500559	10126081	北京	music	北京
2500559	10153968	四川成都	commonweal	北京
2500559	11322367	四川成都	music	北京
yolanda_qin	12079869	北京	salon	北京
yolanda_qin	13023728	北京	salon	北京
yolanda_qin	12972177	北京	party	北京
yolanda_qin	13910177	北京	salon	北京
yolanda_qin	13218085	北京	salon	北京
yolanda_qin	13687689	北京	exhibition	北京
2820426	13527718	北京	film	北京
2820426	13102161	北京	music	北京
2820426	13021712	北京	film	北京
2820426	13740970	北京	salon	北京
2820426	11226702	北京	film	北京
2820426	10709817	北京	exhibition	北京
2820426	13822234	北京	film	北京
2820426	13994491	北京	film	北京
2820426	13868896	北京	salon	北京
yunpaotu	11669526	上海	salon	上海
yunpaotu	11315362	北京	music	上海
yunpaotu	11230758	上海	music	上海
yunpaotu	11120049	上海	music	上海
yunpaotu	13164442	上海	music	上海
CKyan	10919742	上海	music	上海
CKyan	11282829	上海	music	上海
CKyan	14575921	上海	music	上海
CKyan	10446312	上海	music	上海
CKyan	14022406	上海	music	上海
Alto	10313986	浙江杭州	music	浙江杭州
Alto	10785083	浙江杭州	exhibition	浙江杭州
Alto	11987873	浙江杭州	music	浙江杭州
Alto	10501044	浙江杭州	film	浙江杭州
Alto	10214003	浙江杭州	others	浙江杭州
Alto	10775850	浙江杭州	music	浙江杭州
Alto	16072194	上海	music	浙江杭州
Alto	11348487	浙江杭州	music	浙江杭州
Alto	10157443	浙江杭州	commonweal	浙江杭州
Alto	13411049	浙江杭州	music	浙江杭州
Alto	12323576	浙江杭州	music	浙江杭州
Alto	12359368	浙江杭州	music	浙江杭州
Alto	11112749	浙江杭州	music	浙江杭州
Alto	10835465	浙江杭州	exhibition	浙江杭州
Alto	13020694	浙江杭州	exhibition	浙江杭州
Alto	10071966	浙江杭州	music	浙江杭州
Alto	10112192	上海	music	浙江杭州
Beckypku	12183794	北京	film	北京
Beckypku	16745785	北京	film	北京
Beckypku	11139487	北京	drama	北京
Beckypku	13311046	北京	film	北京
Beckypku	17435267	北京	drama	北京
Beckypku	15188592	北京	film	北京
Beckypku	11882488	北京	film	北京
Beckypku	16224742	北京	drama	北京
Beckypku	14270945	北京	salon	北京
Beckypku	15080625	北京	film	北京
zhuazi	11071831	四川成都	music	四川成都
zhuazi	12497376	四川成都	music	四川成都
zhuazi	10971527	四川成都	music	四川成都
zhuazi	11180857	四川成都	music	四川成都
zhuazi	12343964	四川成都	music	四川成都
xmj17	13494135	广东深圳	music	上海
xmj17	15298574	上海	music	上海
xmj17	12337880	上海	music	上海
xmj17	13488643	上海	music	上海
xmj17	13690886	上海	music	上海
3498573	11001528	北京	music	北京
3498573	10813712	北京	music	北京
3498573	11753343	北京	music	北京
3498573	10624047	北京	music	北京
3498573	11633950	北京	music	北京
yinyayuan	10816053	北京	party	北京
yinyayuan	14458248	北京	music	北京
yinyayuan	11111696	北京	music	北京
yinyayuan	11120447	北京	music	北京
yinyayuan	11252717	北京	music	北京
yinyayuan	10862787	北京	film	北京
40426437	12222329	上海	salon	上海
40426437	12161186	上海	exhibition	上海
40426437	16900696	上海	salon	上海
40426437	17037483	上海	salon	上海
40426437	17395664	上海	salon	上海
40426437	16114652	上海	salon	上海
azzy	11251227	陕西西安	music	陕西西安
azzy	11112749	浙江杭州	music	陕西西安
azzy	11265879	陕西西安	music	陕西西安
azzy	14897845	陕西西安	music	陕西西安
azzy	16072194	上海	music	陕西西安
azzy	11615486	陕西西安	music	陕西西安
azzy	10542973	陕西西安	music	陕西西安
azzy	12668932	陕西西安	music	陕西西安
2847081	10768663	四川成都	party	四川成都
2847081	11180857	四川成都	music	四川成都
2847081	12255985	四川成都	film	四川成都
2847081	11740312	四川成都	music	四川成都
2847081	11071831	四川成都	music	四川成都
2847081	12538117	四川成都	music	四川成都
2847081	11637978	四川成都	music	四川成都
2847081	11322367	四川成都	music	四川成都
monster1000	13094239	广东深圳	music	广东深圳
monster1000	13952253	广东深圳	music	广东深圳
monster1000	16118122	四川成都	music	广东深圳
monster1000	12255108	广东深圳	music	广东深圳
monster1000	16065240	广东深圳	music	广东深圳
tongxin17	16581427	上海	film	上海
tongxin17	13314042	上海	exhibition	上海
tongxin17	12161186	上海	exhibition	上海
tongxin17	11570394	上海	salon	上海
tongxin17	10152185	Phnum Pénh, Cambodia	party	上海
tongxin17	10029392	上海	exhibition	上海
tongxin17	12359368	浙江杭州	music	上海
tongxin17	16800448	上海	film	上海
tongxin17	11540839	上海	salon	上海
tongxin17	15961007	上海	salon	上海
tongxin17	13478889	上海	others	上海
tongxin17	13099968	上海	salon	上海
tongxin17	12360187	上海	salon	上海
tongxin17	15800381	浙江杭州	exhibition	上海
tongxin17	17690972	上海	exhibition	上海
tongxin17	11241344	上海	salon	上海
1389557	13384424	北京	party	北京
1389557	16733703	北京	salon	北京
1389557	14105618	北京	party	北京
1389557	14116582	北京	salon	北京
1389557	13886385	北京	exhibition	北京
1389557	14161357	北京	music	北京
cepren	12960676	上海	salon	上海
cepren	14059587	上海	music	上海
cepren	10804917	福建福州	exhibition	上海
cepren	12696608	上海	salon	上海
cepren	16105619	上海	music	上海
cepren	14175414	上海	music	上海
cepren	12359368	浙江杭州	music	上海
cepren	11112749	浙江杭州	music	上海
cepren	16352003	上海	music	上海
2772172	10338688	上海	drama	江苏南京
2772172	14221539	宁夏银川	music	江苏南京
2772172	14260888	新疆乌鲁木齐	music	江苏南京
2772172	15143521	江苏南京	film	江苏南京
2772172	12791054	江苏南京	music	江苏南京
2772172	10266414	北京	party	江苏南京
2772172	13814421	江苏南京	salon	江苏南京
2772172	12721455	江苏南京	exhibition	江苏南京
2772172	11495205	江苏南京	music	江苏南京
2772172	11208278	江苏南京	film	江苏南京
virgin	17050041	北京	music	北京
virgin	12663921	北京	music	北京
virgin	11650182	北京	party	北京
virgin	11061252	北京	music	北京
virgin	16413876	北京	music	北京
virgin	11433353	北京	music	北京
virgin	12767311	北京	music	北京
virgin	12079840	北京	music	北京
